parameter,coeff
Control,0.0
Insect,-4.108274373730335
MeJA,-4.171669856107387
Barley,0.0
Oats,-4.9783330421664305
Triticale,-4.116811266634913
Wheat,-4.5124527357841995
Barley1,0.6347879810557758
Barley2,0.7313465265483554
Barley3,0.6206314462644712
Oats1,0.2625060658503028
Oats2,0.4808269977381959
Oats3,0.6816537693957789
Triticale1,0.9563126670602293
Triticale2,0.2068143348921393
Triticale3,0.6039352416133656
Wheat1,0.7867829237743539
Wheat2,0.6050442388125346
Wheat3,0.16619736901859028
