Species,Si_ppm_mean,Si_ppm_std,nrow,Si_ppm_se
Oats,0.3140761904761905,0.08922015413998066,21,0.019469433802956623
Barley,0.31782,0.07167966459038068,20,0.01602806026284758
Wheat,0.7588904761904761,0.23577012937342573,21,0.051449260212535944
Triticale,0.5730133333333333,0.23844822998074944,15,0.06156706824320524
